id,age,gender,imageName
0,27,male,Hand_0000002.jpg
0,27,male,Hand_0000041.jpg
0,27,male,Hand_0000074.jpg
57,26,male,Hand_0000876.jpg
57,26,male,Hand_0000888.jpg
57,26,male,Hand_0000902.jpg
57,26,male,Hand_0000914.jpg
57,26,male,Hand_0000927.jpg
529,22,female,Hand_0000928.jpg
529,22,female,Hand_0000935.jpg
529,22,female,Hand_0000951.jpg
529,22,female,Hand_0000958.jpg
529,22,female,Hand_0000966.jpg
27,23,male,Hand_0000970.jpg
27,23,male,Hand_0000980.jpg
27,23,male,Hand_0000990.jpg
27,23,male,Hand_0000999.jpg
27,23,male,Hand_0001009.jpg
28,30,male,Hand_0001012.jpg
28,30,male,Hand_0001018.jpg
28,30,male,Hand_0001024.jpg
28,30,male,Hand_0001037.jpg
28,30,male,Hand_0001043.jpg
53,29,male,Hand_0001045.jpg
53,29,male,Hand_0001055.jpg
53,29,male,Hand_0001069.jpg
53,29,male,Hand_0001080.jpg
53,29,male,Hand_0001090.jpg
1519,20,male,Hand_0001675.jpg
1519,20,male,Hand_0001687.jpg
1519,20,male,Hand_0001696.jpg
1519,20,male,Hand_0001705.jpg
1519,20,male,Hand_0001714.jpg
1517,21,female,Hand_0001715.jpg
1517,21,female,Hand_0001724.jpg
1517,21,female,Hand_0001734.jpg
1517,21,female,Hand_0001744.jpg
1517,21,female,Hand_0001756.jpg
1518,43,male,Hand_0001757.jpg
1518,43,male,Hand_0001768.jpg
1518,43,male,Hand_0001779.jpg
1518,43,male,Hand_0001790.jpg
1518,43,male,Hand_0001802.jpg
1520,36,male,Hand_0001803.jpg
1520,36,male,Hand_0001809.jpg
1520,36,male,Hand_0001816.jpg
1520,36,male,Hand_0001823.jpg
1520,36,male,Hand_0001832.jpg
67,22,male,Hand_0001833.jpg
67,22,male,Hand_0001848.jpg
67,22,male,Hand_0001864.jpg
67,22,male,Hand_0001879.jpg
67,22,male,Hand_0001895.jpg
1503,21,female,Hand_0001896.jpg
1503,21,female,Hand_0001901.jpg
1503,21,female,Hand_0001906.jpg
1503,21,female,Hand_0001911.jpg
1503,21,female,Hand_0001917.jpg
543,21,male,Hand_0001918.jpg
543,21,male,Hand_0001925.jpg
543,21,male,Hand_0001933.jpg
543,21,male,Hand_0001940.jpg
543,21,male,Hand_0001948.jpg
1070,20,female,Hand_0001949.jpg
1070,20,female,Hand_0001958.jpg
1070,20,female,Hand_0001968.jpg
1070,20,female,Hand_0001977.jpg
1070,20,female,Hand_0001986.jpg
86,21,female,Hand_0001987.jpg
86,21,female,Hand_0001998.jpg
86,21,female,Hand_0002011.jpg
86,21,female,Hand_0002027.jpg
86,21,female,Hand_0002041.jpg
1555,25,male,Hand_0002042.jpg
1555,25,male,Hand_0002053.jpg
1555,25,male,Hand_0002065.jpg
1555,25,male,Hand_0002077.jpg
1555,25,male,Hand_0002088.jpg
1537,22,female,Hand_0002443.jpg
1537,22,female,Hand_0002457.jpg
1537,22,female,Hand_0002471.jpg
1537,22,female,Hand_0002487.jpg
1537,22,female,Hand_0002501.jpg
1533,22,female,Hand_0002502.jpg
1533,22,female,Hand_0002529.jpg
1533,22,female,Hand_0002557.jpg
1533,22,female,Hand_0002585.jpg
1533,22,female,Hand_0002613.jpg
1540,21,male,Hand_0002614.jpg
1540,21,male,Hand_0002640.jpg
1540,21,male,Hand_0002667.jpg
1540,21,male,Hand_0002693.jpg
1540,21,male,Hand_0002720.jpg
1024,22,male,Hand_0002721.jpg
1024,22,male,Hand_0002769.jpg
1024,22,male,Hand_0002818.jpg
1543,21,male,Hand_0002844.jpg
1543,21,male,Hand_0002875.jpg
1527,20,female,Hand_0002899.jpg
1527,20,female,Hand_0002913.jpg
1527,20,female,Hand_0002928.jpg
1527,20,female,Hand_0002942.jpg
1527,20,female,Hand_0002957.jpg
1505,21,female,Hand_0002958.jpg
1505,21,female,Hand_0002967.jpg
1505,21,female,Hand_0002976.jpg
1505,21,female,Hand_0002985.jpg
1505,21,female,Hand_0002995.jpg
1588,21,male,Hand_0002996.jpg
1588,21,male,Hand_0003008.jpg
1588,21,male,Hand_0003021.jpg
1588,21,male,Hand_0003034.jpg
1588,21,male,Hand_0003047.jpg
1549,20,female,Hand_0003048.jpg
1549,20,female,Hand_0003059.jpg
1549,20,female,Hand_0003070.jpg
1549,20,female,Hand_0003081.jpg
1549,20,female,Hand_0003092.jpg
1002,54,male,Hand_0003093.jpg
1002,54,male,Hand_0003105.jpg
1002,54,male,Hand_0003118.jpg
1002,54,male,Hand_0003131.jpg
1002,54,male,Hand_0003144.jpg
1019,21,female,Hand_0003145.jpg
1019,21,female,Hand_0003174.jpg
1019,21,female,Hand_0003203.jpg
1544,20,female,Hand_0003216.jpg
1544,20,female,Hand_0003225.jpg
1544,20,female,Hand_0003236.jpg
1544,20,female,Hand_0003247.jpg
1544,20,female,Hand_0003257.jpg
546,22,female,Hand_0003258.jpg
546,22,female,Hand_0003273.jpg
546,22,female,Hand_0003288.jpg
1026,21,female,Hand_0003294.jpg
1026,21,female,Hand_0003302.jpg
1569,21,female,Hand_0003706.jpg
1569,21,female,Hand_0003719.jpg
1567,20,female,Hand_0003725.jpg
1567,20,female,Hand_0003739.jpg
1567,20,female,Hand_0003748.jpg
1567,20,female,Hand_0003757.jpg
1567,20,female,Hand_0003766.jpg
1568,21,female,Hand_0003767.jpg
1568,21,female,Hand_0003782.jpg
1568,21,female,Hand_0003798.jpg
1568,21,female,Hand_0003814.jpg
1568,21,female,Hand_0003830.jpg
1566,21,male,Hand_0003831.jpg
1566,21,male,Hand_0003855.jpg
1566,21,male,Hand_0003880.jpg
1566,21,male,Hand_0003904.jpg
1566,21,male,Hand_0003929.jpg
1039,21,male,Hand_0003930.jpg
1039,21,male,Hand_0003952.jpg
1039,21,male,Hand_0003984.jpg
1039,21,male,Hand_0004007.jpg
1039,21,male,Hand_0004032.jpg
1013,21,male,Hand_0004033.jpg
1013,21,male,Hand_0004058.jpg
1013,21,male,Hand_0004081.jpg
1013,21,male,Hand_0004104.jpg
1013,21,male,Hand_0004128.jpg
1032,21,female,Hand_0004129.jpg
1032,21,female,Hand_0004150.jpg
1032,21,female,Hand_0004172.jpg
1080,21,female,Hand_0004671.jpg
1080,21,female,Hand_0004695.jpg
1080,21,female,Hand_0004719.jpg
1080,21,female,Hand_0004743.jpg
1080,21,female,Hand_0004767.jpg
1050,20,female,Hand_0004768.jpg
1050,20,female,Hand_0004814.jpg
1050,20,female,Hand_0004864.jpg
1050,20,female,Hand_0004909.jpg
1050,20,female,Hand_0004955.jpg
1558,21,female,Hand_0004957.jpg
1558,21,female,Hand_0004992.jpg
1558,21,female,Hand_0005028.jpg
1558,21,female,Hand_0005064.jpg
1558,21,female,Hand_0005100.jpg
1021,22,male,Hand_0005101.jpg
1021,22,male,Hand_0005117.jpg
1021,22,male,Hand_0005133.jpg
1021,22,male,Hand_0005149.jpg
1021,22,male,Hand_0005166.jpg
1059,22,male,Hand_0005171.jpg
1059,22,male,Hand_0005189.jpg
1059,22,male,Hand_0005207.jpg
1059,22,male,Hand_0005225.jpg
1059,22,male,Hand_0005243.jpg
25,20,female,Hand_0005262.jpg
25,20,female,Hand_0005283.jpg
25,20,female,Hand_0005303.jpg
55,20,female,Hand_0005315.jpg
55,20,female,Hand_0005337.jpg
55,20,female,Hand_0005361.jpg
1042,21,female,Hand_0005362.jpg
1042,21,female,Hand_0005378.jpg
1042,21,female,Hand_0005394.jpg
1042,21,female,Hand_0005410.jpg
1042,21,female,Hand_0005426.jpg
1061,20,female,Hand_0005427.jpg
1061,20,female,Hand_0005440.jpg
1061,20,female,Hand_0005454.jpg
1061,20,female,Hand_0005468.jpg
1061,20,female,Hand_0005482.jpg
576,21,female,Hand_0005483.jpg
576,21,female,Hand_0005496.jpg
576,21,female,Hand_0005509.jpg
576,21,female,Hand_0005522.jpg
576,21,female,Hand_0005536.jpg
1067,21,female,Hand_0005537.jpg
1067,21,female,Hand_0005558.jpg
1067,21,female,Hand_0005580.jpg
1067,21,female,Hand_0005601.jpg
1067,21,female,Hand_0005623.jpg
1041,20,female,Hand_0005624.jpg
1041,20,female,Hand_0005636.jpg
1041,20,female,Hand_0005648.jpg
1041,20,female,Hand_0005660.jpg
1041,20,female,Hand_0005673.jpg
1529,22,male,Hand_0005674.jpg
1529,22,male,Hand_0005690.jpg
1529,22,male,Hand_0005706.jpg
1529,22,male,Hand_0005722.jpg
1529,22,male,Hand_0005739.jpg
1553,23,female,Hand_0006424.jpg
1553,23,female,Hand_0006441.jpg
1553,23,female,Hand_0006457.jpg
1553,23,female,Hand_0006474.jpg
1058,22,female,Hand_0006475.jpg
1058,22,female,Hand_0006489.jpg
1058,22,female,Hand_0006503.jpg
1058,22,female,Hand_0006517.jpg
1058,22,female,Hand_0006532.jpg
1560,21,male,Hand_0006534.jpg
1560,21,male,Hand_0006545.jpg
1560,21,male,Hand_0006556.jpg
1560,21,male,Hand_0006567.jpg
1560,21,male,Hand_0006578.jpg
1510,23,female,Hand_0006579.jpg
1510,23,female,Hand_0006591.jpg
1510,23,female,Hand_0006604.jpg
1510,23,female,Hand_0006616.jpg
1510,23,female,Hand_0006629.jpg
1556,22,female,Hand_0006630.jpg
1556,22,female,Hand_0006652.jpg
1556,22,female,Hand_0006674.jpg
1556,22,female,Hand_0006697.jpg
1556,22,female,Hand_0006719.jpg
1587,21,male,Hand_0006720.jpg
1587,21,male,Hand_0006741.jpg
1587,21,male,Hand_0006763.jpg
1587,21,male,Hand_0006784.jpg
1587,21,male,Hand_0006806.jpg
1029,21,male,Hand_0006807.jpg
1029,21,male,Hand_0006825.jpg
1029,21,male,Hand_0006843.jpg
1029,21,male,Hand_0006862.jpg
1029,21,male,Hand_0006881.jpg
1028,21,male,Hand_0006882.jpg
1028,21,male,Hand_0006900.jpg
1028,21,male,Hand_0006918.jpg
1028,21,male,Hand_0006936.jpg
1028,21,male,Hand_0006956.jpg
1051,21,male,Hand_0006957.jpg
1051,21,male,Hand_0006978.jpg
1051,21,male,Hand_0006998.jpg
1051,21,male,Hand_0007018.jpg
1051,21,male,Hand_0007039.jpg
509,21,female,Hand_0007040.jpg
509,21,female,Hand_0007055.jpg
509,21,female,Hand_0007072.jpg
509,21,female,Hand_0007088.jpg
509,21,female,Hand_0007104.jpg
1532,22,female,Hand_0007105.jpg
1532,22,female,Hand_0007125.jpg
1532,22,female,Hand_0007146.jpg
1532,22,female,Hand_0007167.jpg
1532,22,female,Hand_0007188.jpg
534,22,female,Hand_0007189.jpg
534,22,female,Hand_0007204.jpg
534,22,female,Hand_0007228.jpg
534,22,female,Hand_0007244.jpg
534,22,female,Hand_0007260.jpg
1562,23,female,Hand_0007261.jpg
1562,23,female,Hand_0007278.jpg
1562,23,female,Hand_0007295.jpg
1562,23,female,Hand_0007311.jpg
1562,23,female,Hand_0007328.jpg
1543,21,male,Hand_0007337.jpg
1543,21,male,Hand_0007369.jpg
1543,21,male,Hand_0007411.jpg
1546,21,female,Hand_0007412.jpg
1546,21,female,Hand_0007421.jpg
1546,21,female,Hand_0007431.jpg
1546,21,female,Hand_0007440.jpg
1546,21,female,Hand_0007450.jpg
1504,20,male,Hand_0007451.jpg
1504,20,male,Hand_0007465.jpg
1504,20,male,Hand_0007480.jpg
1504,20,male,Hand_0007495.jpg
1504,20,male,Hand_0007510.jpg
1030,21,male,Hand_0007511.jpg
1030,21,male,Hand_0007540.jpg
1030,21,male,Hand_0007570.jpg
1030,21,male,Hand_0007599.jpg
1030,21,male,Hand_0007629.jpg
1513,21,male,Hand_0007630.jpg
1513,21,male,Hand_0007653.jpg
1513,21,male,Hand_0007675.jpg
1513,21,male,Hand_0007697.jpg
1513,21,male,Hand_0007722.jpg
1516,20,male,Hand_0007723.jpg
1516,20,male,Hand_0007742.jpg
1516,20,male,Hand_0007761.jpg
1516,20,male,Hand_0007780.jpg
1516,20,male,Hand_0007799.jpg
1052,21,female,Hand_0007801.jpg
1052,21,female,Hand_0007815.jpg
1052,21,female,Hand_0007830.jpg
1052,21,female,Hand_0007844.jpg
1052,21,female,Hand_0007859.jpg
1539,21,female,Hand_0007860.jpg
1539,21,female,Hand_0007874.jpg
1539,21,female,Hand_0007888.jpg
1539,21,female,Hand_0007902.jpg
1539,21,female,Hand_0007916.jpg
1597,21,female,Hand_0007917.jpg
1597,21,female,Hand_0007936.jpg
1597,21,female,Hand_0007956.jpg
1597,21,female,Hand_0007985.jpg
1597,21,female,Hand_0008006.jpg
573,21,female,Hand_0008007.jpg
573,21,female,Hand_0008019.jpg
573,21,female,Hand_0008031.jpg
573,21,female,Hand_0008042.jpg
573,21,female,Hand_0008054.jpg
552,21,female,Hand_0008055.jpg
552,21,female,Hand_0008072.jpg
552,21,female,Hand_0008090.jpg
552,21,female,Hand_0008107.jpg
552,21,female,Hand_0008125.jpg
1579,21,female,Hand_0008126.jpg
1579,21,female,Hand_0008137.jpg
1579,21,female,Hand_0008148.jpg
1579,21,female,Hand_0008158.jpg
1579,21,female,Hand_0008169.jpg
1024,22,male,Hand_0008194.jpg
1024,22,male,Hand_0008245.jpg
1573,21,female,Hand_0008429.jpg
1573,21,female,Hand_0008438.jpg
532,20,female,Hand_0008768.jpg
532,20,female,Hand_0008778.jpg
532,20,female,Hand_0008789.jpg
502,20,female,Hand_0008790.jpg
502,20,female,Hand_0008802.jpg
502,20,female,Hand_0008817.jpg
502,20,female,Hand_0008830.jpg
502,20,female,Hand_0008843.jpg
528,22,female,Hand_0008844.jpg
528,22,female,Hand_0008875.jpg
528,22,female,Hand_0008906.jpg
528,22,female,Hand_0008937.jpg
528,22,female,Hand_0008972.jpg
596,22,female,Hand_0008973.jpg
596,22,female,Hand_0009002.jpg
596,22,female,Hand_0009035.jpg
596,22,female,Hand_0009066.jpg
596,22,female,Hand_0009096.jpg
538,21,female,Hand_0009097.jpg
538,21,female,Hand_0009107.jpg
538,21,female,Hand_0009117.jpg
538,21,female,Hand_0009127.jpg
538,21,female,Hand_0009137.jpg
1043,21,male,Hand_0009138.jpg
1043,21,male,Hand_0009148.jpg
1043,21,male,Hand_0009158.jpg
1043,21,male,Hand_0009168.jpg
1043,21,male,Hand_0009180.jpg
1009,23,male,Hand_0009181.jpg
1009,23,male,Hand_0009194.jpg
1009,23,male,Hand_0009207.jpg
1009,23,male,Hand_0009220.jpg
1009,23,male,Hand_0009233.jpg
541,21,male,Hand_0009234.jpg
541,21,male,Hand_0009248.jpg
541,21,male,Hand_0009262.jpg
541,21,male,Hand_0009283.jpg
541,21,male,Hand_0009299.jpg
1000000,70,male,Hand_0009310.jpg
1000000,70,male,Hand_0009330.jpg
1000000,70,male,Hand_0009351.jpg
1000000,70,male,Hand_0009387.jpg
1000000,70,male,Hand_0009408.jpg
2000000,75,female,Hand_0009409.jpg
6000000,21,female,Hand_0009667.jpg
7000000,24,male,Hand_0009668.jpg
7000000,24,male,Hand_0009679.jpg
7000000,24,male,Hand_0009690.jpg
7000000,24,male,Hand_0009700.jpg
7000000,24,male,Hand_0009711.jpg
8000000,21,male,Hand_0009712.jpg
8000000,21,male,Hand_0009725.jpg
8000000,21,male,Hand_0009738.jpg
8000000,21,male,Hand_0009751.jpg
8000000,21,male,Hand_0009765.jpg
9000000,23,male,Hand_0009766.jpg
9000000,23,male,Hand_0009778.jpg
9000000,23,male,Hand_0009790.jpg
9000000,23,male,Hand_0009802.jpg
9000000,23,male,Hand_0009815.jpg
1100000,25,male,Hand_0009816.jpg
1100000,25,male,Hand_0009825.jpg
1100000,25,male,Hand_0009834.jpg
1100000,25,male,Hand_0009843.jpg
1100000,25,male,Hand_0009852.jpg
1200000,23,male,Hand_0009853.jpg
1200000,23,male,Hand_0009862.jpg
1200000,23,male,Hand_0009871.jpg
1200000,23,male,Hand_0009880.jpg
1200000,23,male,Hand_0009890.jpg
1093,22,female,Hand_0009891.jpg
1093,22,female,Hand_0009904.jpg
1093,22,female,Hand_0009919.jpg
1093,22,female,Hand_0009934.jpg
1093,22,female,Hand_0009948.jpg
0,27,male,Hand_0009977.jpg
0,27,male,Hand_0010011.jpg
66,26,male,Hand_0010016.jpg
66,26,male,Hand_0010036.jpg
66,26,male,Hand_0010054.jpg
66,26,male,Hand_0010075.jpg
66,26,male,Hand_0010093.jpg
1552,23,female,Hand_0010095.jpg
1552,23,female,Hand_0010104.jpg
1552,23,female,Hand_0010113.jpg
1552,23,female,Hand_0010122.jpg
1552,23,female,Hand_0010131.jpg
507,21,female,Hand_0010133.jpg
507,21,female,Hand_0010147.jpg
507,21,female,Hand_0010162.jpg
507,21,female,Hand_0010180.jpg
507,21,female,Hand_0010195.jpg
1525,23,female,Hand_0010197.jpg
1525,23,female,Hand_0010208.jpg
1525,23,female,Hand_0010222.jpg
1525,23,female,Hand_0010238.jpg
1525,23,female,Hand_0010250.jpg
23,23,female,Hand_0010251.jpg
23,23,female,Hand_0010262.jpg
23,23,female,Hand_0010273.jpg
23,23,female,Hand_0010285.jpg
23,23,female,Hand_0010297.jpg
84,22,male,Hand_0010299.jpg
84,22,male,Hand_0010322.jpg
84,22,male,Hand_0010346.jpg
84,22,male,Hand_0010370.jpg
84,22,male,Hand_0010394.jpg
1594,23,male,Hand_0010395.jpg
1594,23,male,Hand_0010404.jpg
1594,23,male,Hand_0010414.jpg
1594,23,male,Hand_0010424.jpg
1594,23,male,Hand_0010434.jpg
518,23,male,Hand_0010435.jpg
518,23,male,Hand_0010447.jpg
518,23,male,Hand_0010460.jpg
518,23,male,Hand_0010472.jpg
518,23,male,Hand_0010484.jpg
571,23,male,Hand_0010485.jpg
571,23,male,Hand_0010495.jpg
571,23,male,Hand_0010506.jpg
571,23,male,Hand_0010518.jpg
571,23,male,Hand_0010529.jpg
506,22,male,Hand_0010531.jpg
506,22,male,Hand_0010540.jpg
506,22,male,Hand_0010548.jpg
506,22,male,Hand_0010557.jpg
506,22,male,Hand_0010566.jpg
88,22,male,Hand_0010567.jpg
88,22,male,Hand_0010582.jpg
88,22,male,Hand_0010597.jpg
88,22,male,Hand_0010616.jpg
88,22,male,Hand_0010631.jpg
1085,28,male,Hand_0010633.jpg
1085,28,male,Hand_0010649.jpg
1085,28,male,Hand_0010666.jpg
1085,28,male,Hand_0010682.jpg
1085,28,male,Hand_0010698.jpg
1090,22,male,Hand_0010700.jpg
1090,22,male,Hand_0010729.jpg
1090,22,male,Hand_0010758.jpg
1090,22,male,Hand_0010788.jpg
1090,22,male,Hand_0010817.jpg
1089,22,male,Hand_0010818.jpg
1089,22,male,Hand_0010829.jpg
1089,22,male,Hand_0010840.jpg
1089,22,male,Hand_0010851.jpg
1089,22,male,Hand_0010862.jpg
1550,24,male,Hand_0010863.jpg
1550,24,male,Hand_0010876.jpg
1550,24,male,Hand_0010889.jpg
1550,24,male,Hand_0010902.jpg
1550,24,male,Hand_0010916.jpg
524,23,male,Hand_0010919.jpg
524,23,male,Hand_0010928.jpg
524,23,male,Hand_0010938.jpg
524,23,male,Hand_0010947.jpg
524,23,male,Hand_0010957.jpg
1060,23,male,Hand_0010958.jpg
1060,23,male,Hand_0010977.jpg
1060,23,male,Hand_0010997.jpg
1060,23,male,Hand_0011017.jpg
1060,23,male,Hand_0011037.jpg
539,22,male,Hand_0011039.jpg
539,22,male,Hand_0011052.jpg
539,22,male,Hand_0011065.jpg
539,22,male,Hand_0011078.jpg
539,22,male,Hand_0011092.jpg
1011,22,male,Hand_0011094.jpg
1011,22,male,Hand_0011114.jpg
1011,22,male,Hand_0011133.jpg
1011,22,male,Hand_0011154.jpg
1011,22,male,Hand_0011173.jpg
1088,22,male,Hand_0011175.jpg
1088,22,male,Hand_0011187.jpg
1088,22,male,Hand_0011199.jpg
1088,22,male,Hand_0011211.jpg
1088,22,male,Hand_0011224.jpg
1536,22,male,Hand_0011225.jpg
1536,22,male,Hand_0011238.jpg
1536,22,male,Hand_0011251.jpg
1536,22,male,Hand_0011265.jpg
1536,22,male,Hand_0011278.jpg
1005,23,male,Hand_0011279.jpg
1005,23,male,Hand_0011294.jpg
1005,23,male,Hand_0011309.jpg
1005,23,male,Hand_0011324.jpg
1005,23,male,Hand_0011340.jpg
1531,22,male,Hand_0011345.jpg
1531,22,male,Hand_0011355.jpg
1531,22,male,Hand_0011366.jpg
1531,22,male,Hand_0011380.jpg
1531,22,male,Hand_0011391.jpg
1003,21,male,Hand_0011445.jpg
1003,21,male,Hand_0011457.jpg
1003,21,male,Hand_0011471.jpg
1003,21,male,Hand_0011485.jpg
1003,21,male,Hand_0011498.jpg
1075,21,male,Hand_0011500.jpg
1075,21,male,Hand_0011521.jpg
1075,21,male,Hand_0011544.jpg
1075,21,male,Hand_0011565.jpg
1075,21,male,Hand_0011587.jpg
